Workbook

Sheet Revision Planner
A1: 🔄 ADVANCED REVISION PLANNER | Spaced Repetition Method | R1+1D | R2+7D | R3+15D | R4+30D
A2: Revision = One-Page Notes + Keywords only | पूरी Book नहीं पढ़नी | Weak = Extra Cycle
A3: विषय | B3: Topic | C3: 📅 Study Date | D3: R1 Date (+1D) | E3: R1 Done? | F3: R2 Date (+7D) | G3: R2 Done? | H3: R3 Date (+15D) | I3: R3 Done? | J3: R4 Date (+30D) | K3: R4 Done? | L3: Final Rev Date | M3: Final Done? | N3: Weak Points
A4: राजस्थान का इतिहास | B4: प्रागैतिहासिक स्थल/सभ्यताएँ (पुरापाषाण-ताम्रपाषाण) | C4: ='Master Tracker'!O4 -> 46188 | D4: =C4+1 -> 46189 | E4: DONE | F4: =C4+7 -> 46195 | G4: DONE | H4: =C4+15 -> 46203 | J4: =C4+30 -> 46218
A5: राजस्थान का इतिहास | B5: पुरातात्विक स्रोत | C5: ='Master Tracker'!O5 -> 46189 | D5: =C5+1 -> 46190 | E5: DONE | F5: =C5+7 -> 46196 | G5: DONE | H5: =C5+15 -> 46204 | J5: =C5+30 -> 46219
A6: राजस्थान का इतिहास | B6: जनपद एवं प्राचीन नाम | C6: ='Master Tracker'!O6 -> 46197 | D6: =C6+1 -> 46198 | E6: DONE | F6: =C6+7 -> 46204 | H6: =C6+15 -> 46212 | J6: =C6+30 -> 46227
A7: राजस्थान का इतिहास | B7: प्रमुख राजवंश: गुर्जर-प्रतिहार, चौहान, मेवाड़, कछवाहा, राठौड़ | C7: ='Master Tracker'!O7 | D7: =C7+1 -> 1 | F7: =C7+7 -> 7 | H7: =C7+15 -> 15 | J7: =C7+30 -> 30
A8: राजस्थान का इतिहास | B8: मध्यकालीन प्रशासनिक-राजस्व व्यवस्था | C8: ='Master Tracker'!O8 | D8: =C8+1 -> 1 | F8: =C8+7 -> 7 | H8: =C8+15 -> 15 | J8: =C8+30 -> 30
A9: राजस्थान का इतिहास | B9: ब्रिटिश आधिपत्य एवं 1857 की क्रांति | C9: ='Master Tracker'!O9 | D9: =C9+1 -> 1 | F9: =C9+7 -> 7 | H9: =C9+15 -> 15 | J9: =C9+30 -> 30
A10: राजस्थान का इतिहास | B10: राजनीतिक चेतना, स्वतंत्रता सेनानी | C10: ='Master Tracker'!O10 | D10: =C10+1 -> 1 | F10: =C10+7 -> 7 | H10: =C10+15 -> 15 | J10: =C10+30 -> 30
A11: राजस्थान का इतिहास | B11: प्रजामंडल आन्दोलन, किसान एवं जनजाति आन्दोलन | C11: ='Master Tracker'!O11 | D11: =C11+1 -> 1 | F11: =C11+7 -> 7 | H11: =C11+15 -> 15 | J11: =C11+30 -> 30
A12: राजस्थान का इतिहास | B12: राजनीतिक एकीकरण | C12: ='Master Tracker'!O12 | D12: =C12+1 -> 1 | F12: =C12+7 -> 7 | H12: =C12+15 -> 15 | J12: =C12+30 -> 30
A13: राजस्थान की कला | B13: दुर्ग (किले) | C13: ='Master Tracker'!O13 | D13: =C13+1 -> 1 | F13: =C13+7 -> 7 | H13: =C13+15 -> 15 | J13: =C13+30 -> 30
A14: राजस्थान की कला | B14: मंदिर | C14: ='Master Tracker'!O14 | D14: =C14+1 -> 1 | F14: =C14+7 -> 7 | H14: =C14+15 -> 15 | J14: =C14+30 -> 30
A15: राजस्थान की कला | B15: मस्जिद | C15: ='Master Tracker'!O15 | D15: =C15+1 -> 1 | F15: =C15+7 -> 7 | H15: =C15+15 -> 15 | J15: =C15+30 -> 30
A16: राजस्थान की कला | B16: महल | C16: ='Master Tracker'!O16 | D16: =C16+1 -> 1 | F16: =C16+7 -> 7 | H16: =C16+15 -> 15 | J16: =C16+30 -> 30
A17: राजस्थान की कला | B17: छतरियाँ | C17: ='Master Tracker'!O17 | D17: =C17+1 -> 1 | F17: =C17+7 -> 7 | H17: =C17+15 -> 15 | J17: =C17+30 -> 30
A18: राजस्थान की कला | B18: हवेलियाँ | C18: ='Master Tracker'!O18 | D18: =C18+1 -> 1 | F18: =C18+7 -> 7 | H18: =C18+15 -> 15 | J18: =C18+30 -> 30
... A174: सामान्य विज्ञान | B174: विद्युत एवं चुंबकत्व | C174: ='Master Tracker'!O174 | D174: =C174+1 -> 1 | F174: =C174+7 -> 7 | H174: =C174+15 -> 15 | J174: =C174+30 -> 30
A175: G | C175: ='Master Tracker'!O175 | D175: =C175+1 -> 1 | F175: =C175+7 -> 7 | H175: =C175+15 -> 15 | J175: =C175+30 -> 30
A176: प्रौद्योगिकी | B176: जैव प्रौद्योगिकी | C176: ='Master Tracker'!O176 | D176: =C176+1 -> 1 | F176: =C176+7 -> 7 | H176: =C176+15 -> 15 | J176: =C176+30 -> 30
A177: प्रौद्योगिकी | B177: नैनो प्रौद्योगिकी | C177: ='Master Tracker'!O177 | D177: =C177+1 -> 1 | F177: =C177+7 -> 7 | H177: =C177+15 -> 15 | J177: =C177+30 -> 30
A178: प्रौद्योगिकी | B178: अंतरिक्ष प्रौद्योगिकी | C178: ='Master Tracker'!O178 | D178: =C178+1 -> 1 | F178: =C178+7 -> 7 | H178: =C178+15 -> 15 | J178: =C178+30 -> 30
A179: प्रौद्योगिकी | B179: नवीन तकनीकों का विभिन्न क्षेत्रों में अनुप्रयोग | C179: ='Master Tracker'!O179 | D179: =C179+1 -> 1 | F179: =C179+7 -> 7 | H179: =C179+15 -> 15 | J179: =C179+30 -> 30
A180: प्रौद्योगिकी | B180: रक्षा प्रौद्योगिकी | C180: ='Master Tracker'!O180 | D180: =C180+1 -> 1 | F180: =C180+7 -> 7 | H180: =C180+15 -> 15 | J180: =C180+30 -> 30
A181: प्रौद्योगिकी | B181: सूचना एवं संचार प्रौद्योगिकी | C181: ='Master Tracker'!O181 | D181: =C181+1 -> 1 | F181: =C181+7 -> 7 | H181: =C181+15 -> 15 | J181: =C181+30 -> 30
A182: प्रौद्योगिकी | B182: राजस्थान में विज्ञान एवं प्रौद्योगिकी विकास | C182: ='Master Tracker'!O182 | D182: =C182+1 -> 1 | F182: =C182+7 -> 7 | H182: =C182+15 -> 15 | J182: =C182+30 -> 30
A183: प्रौद्योगिकी | B183: कंप्यूटर | C183: ='Master Tracker'!O183 | D183: =C183+1 -> 1 | F183: =C183+7 -> 7 | H183: =C183+15 -> 15 | J183: =C183+30 -> 30
A184: तार्किक विवेचन | B184: विश्लेषणात्मक तर्कशक्ति | C184: ='Master Tracker'!O184 | D184: =C184+1 -> 1 | F184: =C184+7 -> 7 | H184: =C184+15 -> 15 | J184: =C184+30 -> 30
A185: तार्किक विवेचन | B185: संख्या तथा अक्षर श्रृंखला | C185: ='Master Tracker'!O185 | D185: =C185+1 -> 1 | F185: =C185+7 -> 7 | H185: =C185+15 -> 15 | J185: =C185+30 -> 30
A186: तार्किक विवेचन | B186: कोडिंग एवं डिकोडिंग | C186: ='Master Tracker'!O186 | D186: =C186+1 -> 1 | F186: =C186+7 -> 7 | H186: =C186+15 -> 15 | J186: =C186+30 -> 30
A187: तार्किक विवेचन | B187: रक्त संबंध | C187: ='Master Tracker'!O187 | D187: =C187+1 -> 1 | F187: =C187+7 -> 7 | H187: =C187+15 -> 15 | J187: =C187+30 -> 30
... A214: समसामयिक घटनाएँ | B214: राजस्थान सार्वजनिक परीक्षा अधिनियम 2022 | C214: ='Master Tracker'!O214 | D214: =C214+1 -> 1 | F214: =C214+7 -> 7 | H214: =C214+15 -> 15 | J214: =C214+30 -> 30

Sheet Master Tracker
A1: 🎯 RAS PRE MASTER STUDY TRACKER | राजस्थान राज्य एवं अधीनस्थ सेवाएँ (संयुक्त प्रतियोगी परीक्षा)
A2: Exam: 200 Marks | 150 MCQ | 3 Hours | Negative Marking: 1/3 | Paper Level: Graduate
A3: विषय | B3: Topic | C3: 📝 Coaching Notes | D3: 📖 PYQ Covered | E3: 🔢 MCQ Practiced | F3: R1 Revision 1 | G3: 🌟 Confidence (1-5) | H3: 📅 Last Revised | I3: 📌 Important Topics/Notes | J3: 🏆 Expected % in Exam | K3: ⚠️ Weak Areas | L3: Priority | M3: Target Date | N3: Action | O3: Next Action
A4: राजस्थान का इतिहास | B4: प्रागैतिहासिक स्थल/सभ्यताएँ (पुरापाषाण-ताम्रपाषाण) | N4: Done | O4: 46188
A5: राजस्थान का इतिहास | B5: पुरातात्विक स्रोत | N5: Done | O5: 46189
A6: राजस्थान का इतिहास | B6: जनपद एवं प्राचीन नाम | N6: Done | O6: 46197
A7: राजस्थान का इतिहास | B7: प्रमुख राजवंश: गुर्जर-प्रतिहार, चौहान, मेवाड़, कछवाहा, राठौड़
A8: राजस्थान का इतिहास | B8: मध्यकालीन प्रशासनिक-राजस्व व्यवस्था
A9: राजस्थान का इतिहास | B9: ब्रिटिश आधिपत्य एवं 1857 की क्रांति
A10: राजस्थान का इतिहास | B10: राजनीतिक चेतना, स्वतंत्रता सेनानी
A11: राजस्थान का इतिहास | B11: प्रजामंडल आन्दोलन, किसान एवं जनजाति आन्दोलन
A12: राजस्थान का इतिहास | B12: राजनीतिक एकीकरण
A13: राजस्थान की कला | B13: दुर्ग (किले)
A14: राजस्थान की कला | B14: मंदिर
A15: राजस्थान की कला | B15: मस्जिद
A16: राजस्थान की कला | B16: महल
A17: राजस्थान की कला | B17: छतरियाँ
A18: राजस्थान की कला | B18: हवेलियाँ
... A174: सामान्य विज्ञान | B174: विद्युत एवं चुंबकत्व
A175: G
A176: प्रौद्योगिकी | B176: जैव प्रौद्योगिकी
A177: प्रौद्योगिकी | B177: नैनो प्रौद्योगिकी
A178: प्रौद्योगिकी | B178: अंतरिक्ष प्रौद्योगिकी
A179: प्रौद्योगिकी | B179: नवीन तकनीकों का विभिन्न क्षेत्रों में अनुप्रयोग
A180: प्रौद्योगिकी | B180: रक्षा प्रौद्योगिकी
A181: प्रौद्योगिकी | B181: सूचना एवं संचार प्रौद्योगिकी
A182: प्रौद्योगिकी | B182: राजस्थान में विज्ञान एवं प्रौद्योगिकी विकास
A183: प्रौद्योगिकी | B183: कंप्यूटर
A184: तार्किक विवेचन | B184: विश्लेषणात्मक तर्कशक्ति
A185: तार्किक विवेचन | B185: संख्या तथा अक्षर श्रृंखला
A186: तार्किक विवेचन | B186: कोडिंग एवं डिकोडिंग
A187: तार्किक विवेचन | B187: रक्त संबंध
... A214: समसामयिक घटनाएँ | B214: राजस्थान सार्वजनिक परीक्षा अधिनियम 2022
